MAE,MSE,RMSE
0.519349992275238,0.47768062353134155,0.691144430297562
